﻿<?xml version="1.0" encoding="utf-8"?>
<MD_Metadata xsi:schemaLocation="http://zgate.gsi.go.jp/ch/jmp/ http://zgate.gsi.go.jp/ch/jmp/JMP20.xsd" xmlns:xsi="http://www.w3.org/2001/XMLSchema-instance" xmlns="http://zgate.gsi.go.jp/ch/jmp/" xmlns:jmp20="http://zgate.gsi.go.jp/ch/jmp/">
  <identificationInfo>
    <MD_DataIdentification>
      <citation>
        <title>国土数値情報（用途地域）東京都　A29-19_13</title>
        <date>
          <date>2020-03-13</date>
          <dateType>001</dateType>
        </date>
      </citation>
      <abstract>市区町村において、適正な土地利用や秩序ある都市の整備を図るために、都市計画法の規定に基づいて、土地の用途指定や利用制限を定めた用途地域の面データ</abstract>
      <purpose>国土数値情報は、国土計画の策定や実施の支援のために作られたものであるが、各分野でGISにて広く利用されることも想定している。</purpose>
      <status>001</status>
      <pointOfContact>
        <organisationName>国土交通省　国土政策局　国土情報課</organisationName>
        <contactInfo>
         <address>
            <deliveryPoint>霞が関二丁目1-2</deliveryPoint>
            <city>千代田区</city>
            <administrativeArea>東京都</administrativeArea>
            <postalCode>100-8918</postalCode>
            <country>jpn</country>
          </address>
        </contactInfo>
        <role>002</role>
      </pointOfContact>
      <resourceConstraints>
        <MD_Constraints>
          <useLimitation>利用に当たっての制限は、国土情報利用約款を参照してください。</useLimitation>
        </MD_Constraints>
      </resourceConstraints>
      <descriptiveKeywords>
        <MD_Keywords>
          <keyword>国土数値情報</keyword>
          <keyword>用途地域</keyword>
          <keyword>都市計画</keyword>
          <type>005</type>
        </MD_Keywords>
      </descriptiveKeywords>
      <spatialRepresentationType>001</spatialRepresentationType>
      <spatialResolution>
        <equivalentScale>
          <denominator>25000</denominator>
        </equivalentScale>
      </spatialResolution>
      <language>
        <isoCode>jpn</isoCode>
      </language>
      <characterSet>004</characterSet>
      <topicCategory>015</topicCategory>
      <extent>
        <geographicElement>
          <EX_GeographicDescription>
            <geographicIdentifier>
              <code>東京都</code>
            </geographicIdentifier>
          </EX_GeographicDescription>
        </geographicElement>
      </extent>
    </MD_DataIdentification>
  </identificationInfo>
  <dataQualityInfo>
    <DQ_DataQuality>
      <scope>
        <level>005</level>
      </scope>
      <lineage>
        <LI_Lineage>
          <statement>市区町村から収集した都市計画総括図などを原典資料として使用しています。</statement>
        </LI_Lineage>
      </lineage>
      <report>
        <DQ_Element>
          <evaluationMethodDescription>データ集合内に、参照資料が示す地物と対応関係がとれない地物が存在すれば、それを過剰なデータとカウントする。参照資料との比較による全数検査を実施する。</evaluationMethodDescription>
          <typeOfQualityEvaluation>001</typeOfQualityEvaluation>
          <result>
            <DQ_ConformanceResult>
              <specification>
                <title>国土数値情報（用途地域）製品仕様書　第2.1版</title>
                <date>
                  <date>2020-03-13</date>
                  <dateType>001</dateType>
                </date>
              </specification>
              <explanation>過剰データの割合0％を合格とする。</explanation>
              <pass>1</pass>
            </DQ_ConformanceResult>
          </result>
        </DQ_Element>
        <DQ_Element>
          <evaluationMethodDescription>データ集合内に、参照資料と対応する地物データが存在しない場合、それをデータの漏れとカウントする。参照資料との比較による全数検査を実施する。</evaluationMethodDescription>
          <typeOfQualityEvaluation>002</typeOfQualityEvaluation>
          <result>
            <DQ_ConformanceResult>
              <specification>
                <title>国土数値情報（用途地域）製品仕様書　第2.1版</title>
                <date>
                  <date>2020-03-13</date>
                  <dateType>001</dateType>
                </date>
              </specification>
              <explanation>データの漏れの割合0％を合格とする。</explanation>
              <pass>1</pass>
            </DQ_ConformanceResult>
          </result>
        </DQ_Element>
        <DQ_Element>
          <evaluationMethodDescription>データ集合の書式が、整形式となっていない箇所（XML文書の構文として正しくない箇所）の割合を計算する。検査プログラム（XMLパーサなど）による全数検査を実施する。</evaluationMethodDescription>
          <typeOfQualityEvaluation>005</typeOfQualityEvaluation>
          <result>
            <DQ_ConformanceResult>
              <specification>
                <title>国土数値情報（用途地域）製品仕様書　第2.1版</title>
                <date>
                  <date>2020-03-13</date>
                  <dateType>001</dateType>
                </date>
              </specification>
              <explanation>誤率0％を合格とする。</explanation>
              <pass>1</pass>
            </DQ_ConformanceResult>
          </result>
        </DQ_Element>
        <DQ_Element>
          <evaluationMethodDescription>符号化仕様が規定するXMLスキーマに対する、データ集合に存在する矛盾の割合を計算する。検査プログラム（XMLバリデータなど）による全数検査を実施する。</evaluationMethodDescription>
          <typeOfQualityEvaluation>003</typeOfQualityEvaluation>
          <result>
            <DQ_ConformanceResult>
              <specification>
                <title>国土数値情報（用途地域）製品仕様書　第2.1版</title>
                <date>
                  <date>2020-03-13</date>
                  <dateType>001</dateType>
                </date>
              </specification>
              <explanation>誤率0％を合格とする。</explanation>
              <pass>1</pass>
            </DQ_ConformanceResult>
          </result>
        </DQ_Element>
        <DQ_Element>
          <evaluationMethodDescription>地物属性の値が、応用スキーマが規定する定義域に含まれていない場合、その個数をエラーとしてカウントする。誤率は次式で求める。誤率（%）=（定義域の範囲外にある値を持つ地物属性の数 / データ集合内の地物属性の総数）* 100　検査プログラムによる全数検査を実施する。</evaluationMethodDescription>
          <typeOfQualityEvaluation>004</typeOfQualityEvaluation>
          <result>
            <DQ_ConformanceResult>
              <specification>
                <title>国土数値情報（用途地域）製品仕様書　第2.1版</title>
                <date>
                  <date>2020-03-13</date>
                  <dateType>001</dateType>
                </date>
              </specification>
              <explanation>誤率0％を合格とする。</explanation>
              <pass>1</pass>
            </DQ_ConformanceResult>
          </result>
        </DQ_Element>
        <DQ_Element>
          <evaluationMethodDescription>データ集合が持つ位相属性及び位相を含む幾何属性の一貫性を検査し、エラーの割合（誤率）を計算する。誤率は次式で求める。誤率（%）=（位相一貫性のエラーの数 / 検査対象アイテムの総数）* 100　検査プログラムによる全数検査を実施する。</evaluationMethodDescription>
          <typeOfQualityEvaluation>006</typeOfQualityEvaluation>
          <result>
            <DQ_ConformanceResult>
              <specification>
                <title>国土数値情報（用途地域）製品仕様書　第2.1版</title>
                <date>
                  <date>2020-03-13</date>
                  <dateType>001</dateType>
                </date>
              </specification>
              <explanation>誤率0％を合格とする。</explanation>
              <pass>1</pass>
            </DQ_ConformanceResult>
          </result>
        </DQ_Element>
        <DQ_Element>
          <evaluationMethodDescription>参照資料（都市計画総括図など）が地図・データであるものに関して、地物と参照資料を画面上で参照資料の縮尺で重ねて表示し、位置のズレの最大値を測定する。全数検査を実施する。</evaluationMethodDescription>
          <typeOfQualityEvaluation>007</typeOfQualityEvaluation>
          <result>
            <DQ_ConformanceResult>
              <specification>
                <title>国土数値情報（用途地域）製品仕様書　第2.1版</title>
                <date>
                  <date>2020-03-13</date>
                  <dateType>001</dateType>
                </date>
              </specification>
              <explanation>図上0.3mm以内（又は概ね１～２宅地分の誤差）を合格とする。</explanation>
              <pass>1</pass>
            </DQ_ConformanceResult>
          </result>
        </DQ_Element>
        <DQ_Element>
          <evaluationMethodDescription>地物属性を参照資料と比較し、参照資料に記載されている内容と一致しない地物属性の割合を算出する。誤率は次式で求める。誤率（%）=（内容が一致しない地物属性の数 / 地物属性の総数）* 100　全数検査を実施する。</evaluationMethodDescription>
          <typeOfQualityEvaluation>015</typeOfQualityEvaluation>
          <result>
            <DQ_ConformanceResult>
              <specification>
                <title>国土数値情報（用途地域）製品仕様書　第2.1版</title>
                <date>
                  <date>2020-03-13</date>
                  <dateType>001</dateType>
                </date>
              </specification>
              <explanation>誤率0％を合格とする。</explanation>
              <pass>1</pass>
            </DQ_ConformanceResult>
          </result>
        </DQ_Element>
        <DQ_Element>
          <evaluationMethodDescription>地物属性を参照資料と比較し、参照資料に記載されている内容と一致しない地物属性の割合を算出する。誤率は次式で求める。誤率（%）=（内容が一致しない地物属性の数 / 地物属性の総数）* 100　全数検査を実施する。</evaluationMethodDescription>
          <typeOfQualityEvaluation>014</typeOfQualityEvaluation>
          <result>
            <DQ_ConformanceResult>
              <specification>
                <title>国土数値情報（用途地域）製品仕様書　第2.1版</title>
                <date>
                  <date>2020-03-13</date>
                  <dateType>001</dateType>
                </date>
              </specification>
              <explanation>誤率0％を合格とする。</explanation>
              <pass>1</pass>
            </DQ_ConformanceResult>
          </result>
        </DQ_Element>
        <DQ_Element>
          <evaluationMethodDescription>参照資料（都市計画総括図など）の作成年が、参照資料と対比させて一致しないデータの割合を算出する。誤率は次式で求める。誤率（%）=（内容が一致しない地物時間属性の数 / 地物時間属性の総数）* 100　全数検査を実施する。</evaluationMethodDescription>
          <typeOfQualityEvaluation>010</typeOfQualityEvaluation>
          <result>
            <DQ_ConformanceResult>
              <specification>
                <title>国土数値情報（用途地域）製品仕様書　第2.1版</title>
                <date>
                  <date>2020-03-13</date>
                  <dateType>001</dateType>
                </date>
              </specification>
              <explanation>誤率0％を合格とする。</explanation>
              <pass>1</pass>
            </DQ_ConformanceResult>
          </result>
        </DQ_Element>
      </report>
    </DQ_DataQuality>
  </dataQualityInfo>
  <distributionInfo>
    <MD_Distribution>
      <distributionFormat>
        <MD_Format>
          <name>XML</name>
          <version>JPGIS2.1(GML)</version>
        </MD_Format>
      </distributionFormat>
      <transferOptions>
        <MD_DigitalTransferOptions>
          <onLine>
            <linkage>http://nlftp.mlit.go.jp/ksj/</linkage>
            <description>国土数値情報を無償で一般公開しています。</description>
          </onLine>
        </MD_DigitalTransferOptions>
      </transferOptions>
    </MD_Distribution>
  </distributionInfo>
  <referenceSystemInfo>
    <MD_ReferenceSystem>
      <referenceSystemIdentifier>
        <code>JGD2011 / (B, L)</code>
      </referenceSystemIdentifier>
    </MD_ReferenceSystem>
  </referenceSystemInfo>
  <fileIdentifier>KS-META-A29-19_01.xml</fileIdentifier>
  <language>
    <isoCode>jpn</isoCode>
  </language>
  <characterSet>004</characterSet>
  <hierarchyLevel>005</hierarchyLevel>
<contact>
    <organisationName>国土情報提供サイト運営事務局</organisationName>
    <contactInfo>
      <onlineResource>
        <linkage>http://nlftp.mlit.go.jp/inquiry.html</linkage>
        <description>お問合せは国土情報提供サイト運営事務局まで</description>
      </onlineResource>
      <hoursOfService>メールによる問い合わせは24時間受け付けています。</hoursOfService>
      <contactInstructions>国土数値情報に関するお問い合わせは、なるべくメールでお願いします。</contactInstructions>
    </contactInfo>
    <role>007</role>
  </contact>
  <dateStamp>2020-03-13</dateStamp>
  <metadataStandardName>JMP</metadataStandardName>
  <metadataStandardVersion>2.0</metadataStandardVersion>
</MD_Metadata>
